{
	"credit": "Made with Blockbench",
	"textures": {
		"0": "amogus",
		"particle": "amogus"
	},
	"elements": [
		{
			"from": [12, 0, 7],
			"to": [14, 20, 12],
			"faces": {
				"north": {"uv": [0, 0, 2, 16], "texture": "#0"},
				"east": {"uv": [0, 0, 5, 16], "texture": "#0"},
				"south": {"uv": [0, 0, 2, 16], "texture": "#0"},
				"west": {"uv": [0, 0, 5, 16], "texture": "#0"},
				"up": {"uv": [0, 0, 2, 5], "texture": "#0"},
				"down": {"uv": [0, 0, 2, 5], "texture": "#0"}
			}
		},
		{
			"from": [12, 0, 2],
			"to": [14, 4, 7],
			"faces": {
				"north": {"uv": [0, 0, 2, 4], "texture": "#0"},
				"east": {"uv": [0, 0, 5, 4], "texture": "#0"},
				"south": {"uv": [0, 0, 2, 4], "texture": "#0"},
				"west": {"uv": [0, 0, 5, 4], "texture": "#0"},
				"up": {"uv": [0, 0, 2, 5], "texture": "#0"},
				"down": {"uv": [0, 0, 2, 5], "texture": "#0"}
			}
		},
		{
			"from": [2, 0, 2],
			"to": [4, 4, 7],
			"faces": {
				"north": {"uv": [0, 0, 2, 4], "texture": "#0"},
				"east": {"uv": [0, 0, 5, 4], "texture": "#0"},
				"south": {"uv": [0, 0, 2, 4], "texture": "#0"},
				"west": {"uv": [0, 0, 5, 4], "texture": "#0"},
				"up": {"uv": [0, 0, 2, 5], "texture": "#0"},
				"down": {"uv": [0, 0, 2, 5], "texture": "#0"}
			}
		},
		{
			"from": [2, 0, 7],
			"to": [4, 20, 12],
			"faces": {
				"north": {"uv": [0, 0, 2, 16], "texture": "#0"},
				"east": {"uv": [0, 0, 5, 16], "texture": "#0"},
				"south": {"uv": [0, 0, 2, 16], "texture": "#0"},
				"west": {"uv": [0, 0, 5, 16], "texture": "#0"},
				"up": {"uv": [0, 0, 2, 5], "texture": "#0"},
				"down": {"uv": [0, 0, 2, 5], "texture": "#0"}
			}
		},
		{
			"from": [4, 5, 7],
			"to": [12, 20, 12],
			"faces": {
				"north": {"uv": [0, 0, 8, 15], "texture": "#0"},
				"east": {"uv": [0, 0, 5, 15], "texture": "#0"},
				"south": {"uv": [0, 0, 8, 15], "texture": "#0"},
				"west": {"uv": [0, 0, 5, 15], "texture": "#0"},
				"up": {"uv": [0, 0, 8, 5], "texture": "#0"},
				"down": {"uv": [0, 0, 8, 5], "texture": "#0"}
			}
		},
		{
			"from": [5, 13, 5],
			"to": [11, 17, 9],
			"faces": {
				"north": {"uv": [15, 15, 16, 16], "texture": "#0"},
				"east": {"uv": [15, 15, 16, 16], "texture": "#0"},
				"south": {"uv": [15, 15, 16, 16], "texture": "#0"},
				"west": {"uv": [15, 15, 16, 16], "texture": "#0"},
				"up": {"uv": [15, 15, 16, 16], "texture": "#0"},
				"down": {"uv": [15, 15, 16, 16], "texture": "#0"}
			}
		}
	],
	"display": {
		"thirdperson_righthand": {
			"translation": [-6.5, 7.75, 6.25],
			"scale": [4, 4, 4]
		},
		"firstperson_righthand": {
			"rotation": [0, -180, 0],
			"translation": [-9.75, 3.75, 0]
		},
		"firstperson_lefthand": {
			"rotation": [0, -180, 0],
			"translation": [-8.5, 3.75, 0]
		},
		"ground": {
			"translation": [0, 32.5, 0],
			"scale": [4, 4, 4]
		},
		"gui": {
			"rotation": [0, -180, 0],
			"translation": [0, -1.75, 0],
			"scale": [0.61133, 0.51758, 1]
		},
		"head": {
			"translation": [0, -13, -2.5],
			"scale": [4, 4, 4]
		},
		"fixed": {
			"translation": [0, -1.75, -5.25]
		}
	}
}